START_TIME,END_TIME,BUILD_STATUS,failure_type,build_time,cost,reward
1777697189,1777697190,1,none,1,1,-0.8999999999999999
1777629617,1777629618,1,none,1,1,-0.8999999999999999
1777629582,1777629583,1,none,1,1,-0.8999999999999999
