START_TIME,END_TIME,BUILD_STATUS,commit_size,files_changed,compute_type,build_time,failure_type,cost,reward
1777700786,1777700787,1,,,,1,none,1,-0.8999999999999999
1777700831,1777700832,1,,,,1,none,1,-0.8999999999999999
1777697189,1777697190,1,,,,1,none,1,-0.8999999999999999
1777629617,1777629618,1,,,,1,none,1,-0.8999999999999999
1777629582,1777629583,1,,,,1,none,1,-0.8999999999999999
1777700793,1777700794,1,120,5,BUILD_GENERAL1_MEDIUM,1,none,2,-1.2
